Feature,Importance
power_consumption_watts,0.05457564697669375
metal_richness,0.05327008066099069
glass_pct,0.052998470392502536
weight_kg,0.04744069079829921
height_cm,0.046782742223124237
platinum_mg,0.04664190549375902
rare_earth_g,0.045159493873071846
total_precious_metal_value_usd,0.044646565896491554
value_density,0.04180294376882028
gold_mg,0.041793865994811503
palladium_mg,0.04091087154719592
price_per_component,0.038818804656952484
copper_g,0.03697880799798076
volume_cm3,0.03610415637562513
silver_mg,0.035668553300505806
width_cm,0.03261909795181919
original_price_usd,0.031618548059438215
power_density,0.03078226560361152
pcb_pct,0.03053689054311696
connector_count,0.028142009634160244
component_count,0.027578641320128543
length_cm,0.025427963815263258
plastic_pct,0.023803020856747674
metal_pct,0.019844147707325756
ceramic_pct,0.018726488374933795
material_complexity,0.018357983315493157
size_category,0.016212931935622166
recyclability_index,0.012283087606835415
is_high_value,0.007911406429538444
screen_size_inch,0.004921796418819434
screen_present,0.002134477283983186
battery_health_pct,0.0013515605981988222
battery_present,0.001236153978632221
recovery_potential,0.0008406080877966593
data_storage_present,0.0006334980931738905
storage_capacity_gb,0.0005337539487649972
lead_present,0.0004514211439537328
mercury_present,0.0001760627963119669
hazard_score,0.0001238770215670855
bfr_present,6.304403648208103e-05
chromium_present,3.947629892197615e-05
age_years,1.5292000005802893e-05
age_condition_interaction,1.0056753069286477e-05
condition_score,9.674004953160294e-06
degradation_rate,6.487732494511888e-06
manufacturing_year,2.756843990010545e-06
repair_count,2.497890566425743e-06
damage_level_moderate,2.4424329304381235e-06
brand_tier_budget,1.910436372067755e-06
country_of_origin_China,1.5306799837547512e-06
cadmium_present,1.424226098924246e-06
damage_level_none,8.982628498751365e-07
country_of_origin_USA,3.962112788493965e-07
energy_rating_A++,3.6603233991998177e-07
energy_rating_B,2.884630819674422e-07
brand_tier_mid_range,1.2205107026309256e-07
energy_rating_A+,4.0541573627424925e-08
damage_level_minor,2.6198734029609627e-09
country_of_origin_India,3.3180241952063274e-16
functional_status_partial,3.1790747970298296e-16
energy_rating_D,3.002537652512827e-16
country_of_origin_South Korea,2.564912215106629e-16
country_of_origin_Vietnam,2.2394742391282803e-16
country_of_origin_Japan,2.230287835571745e-16
brand_tier_premium,1.9410077390708506e-16
energy_rating_C,1.4894200369414507e-16
functional_status_working,1.4575266067371048e-16
functional_status_non_functional,1.215565235578145e-16
energy_rating_A,9.953535561997822e-17
damage_level_severe,8.30077015401856e-17
energy_rating_A+++,5.3356249269126556e-17
country_of_origin_Germany,2.593546332044954e-17
